company_name,page_name,product
axa,axa/.html,no
axa,axa/abloesung-mgs-durch-myaxa.html,no
axa,axa/altersvorsorge-ratgeber.html,no
axa,axa/axa-social-media.html,no
axa,axa/datenschutz.html,no
axa,axa/form_karriere_AKTIONSCODE%3D14015D.html,no
axa,axa/freundewerben.html,no
axa,axa/geschaeftskunden.html,no
axa,axa/geschaeftskunden_autoinhaltsversicherung.html,yes
axa,axa/geschaeftskunden_bau.html,no
axa,axa/geschaeftskunden_bauleistungsversicherung.html,yes
axa,axa/geschaeftskunden_berufshaftpflicht.html,yes
axa,axa/geschaeftskunden_betriebliche-altersversorgung.html,yes
axa,axa/geschaeftskunden_betriebliche-gruppenunfallversicherung.html,yes
axa,axa/geschaeftskunden_betriebliche-krankenversicherung.html,yes
axa,axa/geschaeftskunden_betriebsgebaeudeversicherung.html,yes
axa,axa/geschaeftskunden_betriebshaftpflicht.html,yes
axa,axa/geschaeftskunden_betriebsschliessungsversicherung.html,yes
axa,axa/geschaeftskunden_cyber-versicherung.html,yes
axa,axa/geschaeftskunden_elektronikversicherung.html,yes
axa,axa/geschaeftskunden_ertragsausfallversicherung.html,yes
axa,axa/geschaeftskunden_finanzierungsloesungen_factoring.html,yes
axa,axa/geschaeftskunden_finanzierungsloesungen_firmenleasing.html,yes
axa,axa/geschaeftskunden_gastronomie.html,no
axa,axa/geschaeftskunden_industrie-haftpflichtversicherung.html,yes
axa,axa/geschaeftskunden_industrie-sachversicherung.html,yes
axa,axa/geschaeftskunden_inhaltsversicherung.html,yes
axa,axa/geschaeftskunden_internationale-krankenversicherung.html,yes
axa,axa/geschaeftskunden_internationale-versicherungsprogramme.html,yes
axa,axa/geschaeftskunden_it-haftpflicht.html,yes
axa,axa/geschaeftskunden_it-unternehmen.html,no
axa,axa/geschaeftskunden_kautionsversicherung.html,yes
axa,axa/geschaeftskunden_kfz-flottenversicherung.html,yes
axa,axa/geschaeftskunden_kontakt-buergschaft-kaution.html,no
axa,axa/geschaeftskunden_landwirtschaft.html,yes
axa,axa/geschaeftskunden_luftfahrtversicherung.html,yes
axa,axa/geschaeftskunden_maschinenversicherung.html,yes
axa,axa/geschaeftskunden_mitarbeiterabsicherung.html,yes
axa,axa/geschaeftskunden_montageversicherung.html,yes
axa,axa/geschaeftskunden_praxisausfallversicherung.html,yes
axa,axa/geschaeftskunden_profi-schutz-absicherung.html,yes
axa,axa/geschaeftskunden_rechtsschutzversicherung.html,yes
axa,axa/geschaeftskunden_services-fuer-geschaeftskunden.html,no
axa,axa/geschaeftskunden_transportversicherung.html,yes
axa,axa/geschaeftskunden_veranstalterhaftpflichtversicherung.html,yes
axa,axa/geschaeftskunden_verkehrshaftungsversicherung.html,yes
axa,axa/geschaeftskunden_vermoegensschadenhaftpflicht.html,yes
axa,axa/geschaeftskunden_vertrauensschadenversicherung.html,yes
axa,axa/geschaeftskunden_waldversicherung.html,yes
axa,axa/geschaeftskunden_zusatzinformationen-buergschaft-kaution.html,no
axa,axa/home.html,no
axa,axa/impressum.html,no
axa,axa/karriere.html,no
axa,axa/karriere_ausbildung-aussendienst.html,no
axa,axa/karriere_ausbildung-duales-studium.html,no
axa,axa/karriere_ausbildung-duales-studium_ausbildung-kaufmann-digitalisierungsmanagement.html,no
axa,axa/karriere_ausbildung-duales-studium_ausbildung-kaufmann-versicherungen-finanzen.html,no
axa,axa/karriere_ausbildung-duales-studium_duales-studium-bachelor-informatik.html,no
axa,axa/karriere_ausbildung-duales-studium_duales-studium-bachelor-risk-insurance.html,no
axa,axa/karriere_bewerbung-faq.html,no
axa,axa/karriere_bewerbungstipps.html,no
axa,axa/karriere_bock-auf-neues.html,no
axa,axa/karriere_diversity-inclusion.html,no
axa,axa/karriere_duale-karriere-im-para-sport.html,no
axa,axa/karriere_entwicklungsperspektiven.html,no
axa,axa/karriere_erfahrungsbericht-data-management.html,no
axa,axa/karriere_erfahrungsbericht-finance.html,no
axa,axa/karriere_erfahrungsbericht-onboarding-praktikantin.html,no
axa,axa/karriere_erfahrungsbericht-stipendiatin-diversity.html,no
axa,axa/karriere_erfahrungsberichte-mitarbeitende.html,no
axa,axa/karriere_executive-assistant.html,no
axa,axa/karriere_jobs-consulting-strategie.html,no
axa,axa/karriere_jobs-data.html,no
axa,axa/karriere_jobs-finance.html,no
axa,axa/karriere_jobs-it.html,no
axa,axa/karriere_karrieremesse-events.html,no
axa,axa/karriere_kontakt-recruiter.html,no
axa,axa/karriere_mitarbeitervorteile.html,no
axa,axa/karriere_new-way-of-working.html,no
axa,axa/karriere_onboarding-neuer-mitarbeiter.html,no
axa,axa/karriere_praktikum-studenten.html,no
axa,axa/karriere_stellenboerse-axa.html,no
axa,axa/karriere_trainee.html,no
axa,axa/karriere_unternehmenskultur.html,no
axa,axa/karriere_vertriebskarriere.html,no
axa,axa/kontakt.html,no
axa,axa/kontakt_adressen.html,no
axa,axa/kontakt_beschwerdemanagement.html,no
axa,axa/kontakt_formulare-download.html,no
axa,axa/kontakt_servicenummern.html,no
axa,axa/medien.html,no
axa,axa/myaxa-kundenportal.html,no
axa,axa/nutzungshinweise.html,no
axa,axa/pk_altersvorsorge.html,yes
axa,axa/pk_altersvorsorge_geldanlage.html,yes
axa,axa/pk_altersvorsorge_p_betriebliche-altersvorsorge.html,yes
axa,axa/pk_altersvorsorge_p_fondsrente.html,yes
axa,axa/pk_altersvorsorge_p_private-rentenversicherung.html,yes
axa,axa/pk_altersvorsorge_p_vermoegenswirksame-leistungen.html,yes
axa,axa/pk_existenzsicherung.html,yes
axa,axa/pk_existenzsicherung_p_berufsunfaehigkeitsversicherung.html,yes
axa,axa/pk_existenzsicherung_p_existenzschutzversicherung.html,yes
axa,axa/pk_existenzsicherung_p_risikolebensversicherung.html,yes
axa,axa/pk_existenzsicherung_p_sterbegeld-versicherung.html,yes
axa,axa/pk_existenzsicherung_p_unfallversicherung.html,yes
axa,axa/pk_existenzsicherung_r_existenzsicherung-ratgeber.html,no
axa,axa/pk_gesundheit.html,yes
axa,axa/pk_gesundheit_p_ambulante-zusatzversicherung.html,yes
axa,axa/pk_gesundheit_p_auslandskrankenversicherung.html,yes
axa,axa/pk_gesundheit_p_krankenhauszusatzversicherung.html,yes
axa,axa/pk_gesundheit_p_krankentagegeld-versicherung.html,yes
axa,axa/pk_gesundheit_p_pflegezusatzversicherung.html,yes
axa,axa/pk_gesundheit_p_private-krankenversicherung.html,yes
axa,axa/pk_gesundheit_p_reiseversicherung.html,yes
axa,axa/pk_gesundheit_p_zahnzusatzversicherung.html,yes
axa,axa/pk_gesundheit_r_pflegeratgeber.html,no
axa,axa/pk_gesundheit_r_ratgeber-gesund-leben.html,no
axa,axa/pk_gesundheit_r_ratgeber-krankenversicherung.html,no
axa,axa/pk_gesundheit_s_gesundheitsservice.html,no
axa,axa/pk_gesundheit_s_online-arzt.html,no
axa,axa/pk_gesundheit_s_pflegewelt.html,yes
axa,axa/pk_gesundheit_s_pkv-privatpatient-leitfaden.html,yes
axa,axa/pk_gesundheit_s_symptom-check.html,no
axa,axa/pk_haftpflicht.html,yes
axa,axa/pk_haftpflicht_p_bauherrenhaftpflicht.html,yes
axa,axa/pk_haftpflicht_p_gewaesserschadenhaftpflicht.html,yes
axa,axa/pk_haftpflicht_p_haus-grundbesitzerhaftpflicht.html,yes
axa,axa/pk_haftpflicht_p_private-haftpflichtversicherung.html,yes
axa,axa/pk_haftpflicht_p_rechtsschutz.html,yes
axa,axa/pk_haftpflicht_p_tierhalter-haftpflicht.html,yes
axa,axa/pk_haftpflicht_p_verkehrsrechtsschutz.html,yes
axa,axa/pk_haftpflicht_r_haftpflichtversicherung-ratgeber.html,no
axa,axa/pk_haus-wohnung.html,yes
axa,axa/pk_haus-wohnung_p_baufinanzierung.html,yes
axa,axa/pk_haus-wohnung_p_bausparvertrag.html,yes
axa,axa/pk_haus-wohnung_p_elementarversicherung.html,yes
axa,axa/pk_haus-wohnung_p_gebaeudeversicherung.html,yes
axa,axa/pk_haus-wohnung_p_hausratversicherung.html,yes
axa,axa/pk_haus-wohnung_r_haus-wohnung-ratgeber.html,no
axa,axa/pk_haus-wohnung_s_schadenservice-haus.html,no
axa,axa/pk_kfz.html,yes
axa,axa/pk_kfz_p_e-scooter-versicherung.html,yes
axa,axa/pk_kfz_p_elektroauto-versicherung.html,yes
axa,axa/pk_kfz_p_kfz-versicherung.html,yes
axa,axa/pk_kfz_p_lieferwagen-versicherung.html,yes
axa,axa/pk_kfz_p_motorradversicherung.html,yes
axa,axa/pk_kfz_p_oldtimer-versicherung.html,yes
axa,axa/pk_kfz_p_roller-versicherung.html,yes
axa,axa/pk_kfz_r_kfz-ratgeber.html,no
axa,axa/pk_kfz_s_schadenservice-auto.html,no
axa,axa/presse.html,no
axa,axa/presse_mediathek_audio.html,no
axa,axa/presse_mediathek_bilder.html,no
axa,axa/presse_mediathek_daten-und-fakten.html,no
axa,axa/presse_mediathek_dossiers.html,no
axa,axa/presse_mediathek_studien-und-forschung.html,no
axa,axa/presse_mediathek_studien-und-forschung_future-risks-report-2023.html,no
axa,axa/presse_mediathek_studien-und-forschung_mental-health-report-2022.html,no
axa,axa/presse_mediathek_studien-und-forschung_mental-health-report-2023.html,no
axa,axa/presse_neue-leitung-vertriebsressort.html,no
axa,axa/presse_pm-axa-partner-uefa-womens-euro-2025.html,no
axa,axa/presse_pressemitteilungen-2024.html,no
axa,axa/presse_verzinsung-lebensversicherung-2025.html,no
axa,axa/schadenservice-360_schadenmeldung.html,no
axa,axa/service-apps.html,no
axa,axa/site_axa-de_get_documents_E-1094684217_axade_medien_geschaeftskunden_branchen_uebersicht- branchen_broschuere-geschaeftskunden-branchen.pdf.html,no
axa,axa/site_axa-de_get_documents_E-1395595287_axade_medien_medien_axa-social-media_gewinnspiel-teilnahmebedingungen-social-media-axa-konzern-ag.pdf.html,no
axa,axa/site_axa-de_get_documents_E-1511147583_axade_medien_ueber axa_wir-ueber-uns_beteiligungsstruktur-axa-konzern.pdf.html,no
axa,axa/site_axa-de_redirect_MyAxaLogin_AKTIONSCODE%3D14015D.html,no
axa,axa/site_axade_redirect_Selfservice-Kontakt.html,no
axa,axa/site_axade_redirect_Selfservice-Kontakt_AKTIONSCODE%3D14015D.html,no
axa,axa/tarif-und-angebotsuebersicht.html,yes
axa,axa/versicherungslexikon.html,no
axa,axa/vertriebspartner.html,no
axa,axa/wir-ueber-uns.html,no
axa,axa/wir-ueber-uns_auszeichnungen.html,no
axa,axa/wir-ueber-uns_auszeichnungen_kundenfeedback.html,no
axa,axa/wir-ueber-uns_auszeichnungen_tests-produkte-und-services.html,no
axa,axa/wir-ueber-uns_corporate-governance.html,no
axa,axa/wir-ueber-uns_daten-und-publikationen.html,no
axa,axa/wir-ueber-uns_gesellschaften.html,no
axa,axa/wir-ueber-uns_historie-und-fakten.html,no
axa,axa/wir-ueber-uns_konzernvorstand-und-aufsichtsrat.html,no
axa,axa/wir-ueber-uns_nachhaltigkeit.html,no
axa,axa/wir-ueber-uns_nachhaltigkeit_corporate-social-responsibility.html,no
axa,axa/wir-ueber-uns_nachhaltigkeit_kunstsammlung.html,no
axa,axa/wir-ueber-uns_nachhaltigkeit_nachhaltige-kapitalanlage.html,no
axa,axa/wir-ueber-uns_nachhaltigkeit_nachhaltigkeit-versicherungsgeschaeft.html,no
axa,axa/wir-ueber-uns_nachhaltigkeit_umgang-mit-personenbezogenen-daten.html,no
axa,axa/wir-ueber-uns_nachhaltigkeit_umweltschutz.html,no
axa,axa/wir-ueber-uns_nachhaltigkeit_von-herz-zu-herz.html,no
axa,axa/wir-ueber-uns_weltweit.html,no
huk-coburg,huk-coburg/.html,no
huk-coburg,huk-coburg/datenschutz.html.html,no
huk-coburg,huk-coburg/datenschutz_privatsphaere-einstellungen.html.html,no
huk-coburg,huk-coburg/fahrzeuge.html.html,yes
huk-coburg,huk-coburg/fahrzeuge_e-fahrzeuge.html.html,yes
huk-coburg,huk-coburg/fahrzeuge_kfz-versicherung.html.html,yes
huk-coburg,huk-coburg/fahrzeuge_kfz-versicherung_anhaenger-versicherung.html.html,yes
huk-coburg,huk-coburg/fahrzeuge_kfz-versicherung_autoversicherung-fahranfaenger.html.html,yes
huk-coburg,huk-coburg/fahrzeuge_kfz-versicherung_autoversicherung.html.html,yes
huk-coburg,huk-coburg/fahrzeuge_kfz-versicherung_elektro-kleinstfahrzeuge.html.html,yes
huk-coburg,huk-coburg/fahrzeuge_kfz-versicherung_elektroautos.html.html,yes
huk-coburg,huk-coburg/fahrzeuge_kfz-versicherung_fahrerschutz.html.html,yes
huk-coburg,huk-coburg/fahrzeuge_kfz-versicherung_kfz-schutzbrief.html.html,yes
huk-coburg,huk-coburg/fahrzeuge_kfz-versicherung_leichtkraftrad-versicherung.html.html,yes
huk-coburg,huk-coburg/fahrzeuge_kfz-versicherung_lieferwagen-versicherung.html.html,yes
huk-coburg,huk-coburg/fahrzeuge_kfz-versicherung_mopedversicherung.html.html,yes
huk-coburg,huk-coburg/fahrzeuge_kfz-versicherung_motorradversicherung.html.html,yes
huk-coburg,huk-coburg/fahrzeuge_kfz-versicherung_oldtimer-youngtimer.html.html,yes
huk-coburg,huk-coburg/fahrzeuge_kfz-versicherung_quad-versicherung.html.html,yes
huk-coburg,huk-coburg/fahrzeuge_kfz-versicherung_s-pedelec-versicherung.html.html,yes
huk-coburg,huk-coburg/fahrzeuge_kfz-versicherung_telematik-plus.html.html,yes
huk-coburg,huk-coburg/fahrzeuge_kfz-versicherung_wohnmobilversicherung.html.html,yes
huk-coburg,huk-coburg/fahrzeuge_kfz-versicherung_wohnwagenversicherung.html.html,yes
huk-coburg,huk-coburg/fahrzeuge_mobilitaet.html.html,yes
huk-coburg,huk-coburg/fahrzeuge_mobilitaet_autoservice.html.html,yes
huk-coburg,huk-coburg/fahrzeuge_mobilitaet_autowelt.html.html,yes
huk-coburg,huk-coburg/fahrzeuge_ratgeber_autokauf_gebrauchtwagen-leasen.html.html,no
huk-coburg,huk-coburg/fahrzeuge_ratgeber_autokauf_leasing-vorteile-nachteile.html.html,no
huk-coburg,huk-coburg/fahrzeuge_ratgeber_autokauf_sprit-sparen.html.html,no
huk-coburg,huk-coburg/fahrzeuge_ratgeber_camper.html.html,no
huk-coburg,huk-coburg/fahrzeuge_ratgeber_elektroautos.html.html,no
huk-coburg,huk-coburg/fahrzeuge_ratgeber_elektroautos_batterie.html.html,no
huk-coburg,huk-coburg/fahrzeuge_ratgeber_elektroautos_co2-zertifikat-verkaufen.html.html,no
huk-coburg,huk-coburg/fahrzeuge_ratgeber_elektroautos_foerderung.html.html,no
huk-coburg,huk-coburg/fahrzeuge_ratgeber_elektroautos_gebraucht-kaufen.html.html,no
huk-coburg,huk-coburg/fahrzeuge_ratgeber_elektroautos_laden.html.html,no
huk-coburg,huk-coburg/fahrzeuge_ratgeber_elektroautos_leasen.html.html,no
huk-coburg,huk-coburg/fahrzeuge_ratgeber_elektroautos_reichweite.html.html,no
huk-coburg,huk-coburg/fahrzeuge_ratgeber_evb-nummer.html.html,no
huk-coburg,huk-coburg/fahrzeuge_ratgeber_faehrueberfahrten.html.html,no
huk-coburg,huk-coburg/fahrzeuge_ratgeber_fahrzeugbrief.html.html,no
huk-coburg,huk-coburg/fahrzeuge_ratgeber_fahrzeugschein.html.html,no
huk-coburg,huk-coburg/fahrzeuge_ratgeber_fuehrerschein.html.html,no
huk-coburg,huk-coburg/fahrzeuge_ratgeber_gebrauchtes-motorrad-kaufen.html.html,no
huk-coburg,huk-coburg/fahrzeuge_ratgeber_gruene-versicherungskarte.html.html,no
huk-coburg,huk-coburg/fahrzeuge_ratgeber_kfz-versicherung-wechseln.html.html,no
huk-coburg,huk-coburg/fahrzeuge_ratgeber_kfz-zulassung.html.html,no
huk-coburg,huk-coburg/fahrzeuge_ratgeber_kraftrad.html.html,no
huk-coburg,huk-coburg/fahrzeuge_ratgeber_leasingfahrzeug-versichern.html.html,no
huk-coburg,huk-coburg/fahrzeuge_ratgeber_marderbiss.html.html,no
huk-coburg,huk-coburg/fahrzeuge_ratgeber_motorrad_motorradfuehrerschein.html.html,no
huk-coburg,huk-coburg/fahrzeuge_ratgeber_motorrad_motorradtransport.html.html,no
huk-coburg,huk-coburg/fahrzeuge_ratgeber_motorradschutzkleidung.html.html,no
huk-coburg,huk-coburg/fahrzeuge_ratgeber_reifen_reifencheck.html.html,no
huk-coburg,huk-coburg/fahrzeuge_ratgeber_reifen_reifenkennzeichnung.html.html,no
huk-coburg,huk-coburg/fahrzeuge_ratgeber_reifen_reifenwechsel.html.html,no
huk-coburg,huk-coburg/fahrzeuge_ratgeber_reisen-auto-wohnwagen.html.html,no
huk-coburg,huk-coburg/fahrzeuge_ratgeber_saisonkennzeichen.html.html,no
huk-coburg,huk-coburg/fahrzeuge_ratgeber_schadenfreiheitsklasse.html.html,no
huk-coburg,huk-coburg/fahrzeuge_ratgeber_unfall-pannen_auffahrunfall.html.html,no
huk-coburg,huk-coburg/fahrzeuge_ratgeber_unfall-pannen_hagelschaden.html.html,no
huk-coburg,huk-coburg/fahrzeuge_ratgeber_unfall-pannen_richtiges-verhalten-bei-unfall.html.html,no
huk-coburg,huk-coburg/fahrzeuge_ratgeber_unfall-pannen_steinschlag.html.html,no
huk-coburg,huk-coburg/fahrzeuge_ratgeber_unfall-pannen_unfall-mit-leasingfahrzeug.html.html,no
huk-coburg,huk-coburg/fahrzeuge_ratgeber_unfall-pannen_wildunfall.html.html,no
huk-coburg,huk-coburg/fahrzeuge_ratgeber_unterschied-kfz-haftpflicht-teilkasko-vollkasko.html.html,no
huk-coburg,huk-coburg/fahrzeuge_ratgeber_urlaub-reisen_fahrrad-sicher-transportieren.html.html,no
huk-coburg,huk-coburg/fahrzeuge_ratgeber_urlaub-reisen_maut-vignette.html.html,no
huk-coburg,huk-coburg/fahrzeuge_ratgeber_urlaub-reisen_mit-dem-auto-in-den-urlaub.html.html,no
huk-coburg,huk-coburg/fahrzeuge_ratgeber_urlaub-reisen_verkehrsregeln-ausland.html.html,no
huk-coburg,huk-coburg/fahrzeuge_ratgeber_urlaub-reisen_wildcampen-im-wohnmobil.html.html,no
huk-coburg,huk-coburg/fahrzeuge_ratgeber_urlaub-reisen_wintercamping.html.html,no
huk-coburg,huk-coburg/fahrzeuge_ratgeber_urlaub-reisen_wohnmobil-fuehrerschein.html.html,no
huk-coburg,huk-coburg/fahrzeuge_ratgeber_urlaub-reisen_wohnmobil-privat-kaufen.html.html,no
huk-coburg,huk-coburg/fahrzeuge_ratgeber_verkehrssicherheit_auffahren-autobahn.html.html,no
huk-coburg,huk-coburg/fahrzeuge_ratgeber_verkehrssicherheit_blitzer.html.html,no
huk-coburg,huk-coburg/fahrzeuge_ratgeber_verkehrssicherheit_bussgeld.html.html,no
huk-coburg,huk-coburg/fahrzeuge_ratgeber_verkehrssicherheit_fahrrad-sicherheit.html.html,no
huk-coburg,huk-coburg/fahrzeuge_ratgeber_verkehrssicherheit_hu-au.html.html,no
huk-coburg,huk-coburg/fahrzeuge_ratgeber_verkehrssicherheit_rettungsgasse-bilden.html.html,no
huk-coburg,huk-coburg/fahrzeuge_ratgeber_verkehrssicherheit_schulterblick.html.html,no
huk-coburg,huk-coburg/fahrzeuge_ratgeber_wohnwagen-beladen.html.html,no
huk-coburg,huk-coburg/fahrzeuge_zusatzschutz.html.html,yes
huk-coburg,huk-coburg/gesundheit-vorsorge-vermoegen.html.html,yes
huk-coburg,huk-coburg/gesundheit-vorsorge-vermoegen_altersvorsorge.html.html,yes
huk-coburg,huk-coburg/gesundheit-vorsorge-vermoegen_altersvorsorge_direktversicherung.html.html,yes
huk-coburg,huk-coburg/gesundheit-vorsorge-vermoegen_altersvorsorge_privatrente.html.html,yes
huk-coburg,huk-coburg/gesundheit-vorsorge-vermoegen_altersvorsorge_riester-rente.html.html,yes
huk-coburg,huk-coburg/gesundheit-vorsorge-vermoegen_altersvorsorge_ruerup-rente.html.html,yes
huk-coburg,huk-coburg/gesundheit-vorsorge-vermoegen_altersvorsorge_sofortrente.html.html,yes
huk-coburg,huk-coburg/gesundheit-vorsorge-vermoegen_existenzsicherung.html.html,yes
huk-coburg,huk-coburg/gesundheit-vorsorge-vermoegen_existenzsicherung_berufsunfaehigkeitsversicherung.html.html,yes
huk-coburg,huk-coburg/gesundheit-vorsorge-vermoegen_existenzsicherung_dienstunfaehigkeitsversicherung.html.html,yes
huk-coburg,huk-coburg/gesundheit-vorsorge-vermoegen_existenzsicherung_existenzschutzversicherung.html.html,yes
huk-coburg,huk-coburg/gesundheit-vorsorge-vermoegen_existenzsicherung_risikolebensversicherung.html.html,yes
huk-coburg,huk-coburg/gesundheit-vorsorge-vermoegen_existenzsicherung_sterbegeldversicherung.html.html,yes
huk-coburg,huk-coburg/gesundheit-vorsorge-vermoegen_existenzsicherung_unfallversicherung.html.html,yes
huk-coburg,huk-coburg/gesundheit-vorsorge-vermoegen_krankenversicherung.html.html,yes
huk-coburg,huk-coburg/gesundheit-vorsorge-vermoegen_krankenversicherung_auslandskrankenversicherung.html.html,yes
huk-coburg,huk-coburg/gesundheit-vorsorge-vermoegen_krankenversicherung_barmer-zusatzversicherung.html.html,yes
huk-coburg,huk-coburg/gesundheit-vorsorge-vermoegen_krankenversicherung_krankenvollversicherung.html.html,yes
huk-coburg,huk-coburg/gesundheit-vorsorge-vermoegen_krankenversicherung_krankenzusatzversicherung.html.html,yes
huk-coburg,huk-coburg/gesundheit-vorsorge-vermoegen_krankenversicherung_krankenzusatzversicherung_ambulante-zusatzversicherung.html.html,yes
huk-coburg,huk-coburg/gesundheit-vorsorge-vermoegen_krankenversicherung_krankenzusatzversicherung_kompakter-zusatzschutz.html.html,yes
huk-coburg,huk-coburg/gesundheit-vorsorge-vermoegen_krankenversicherung_krankenzusatzversicherung_krankenhaustagegeld.html.html,yes
huk-coburg,huk-coburg/gesundheit-vorsorge-vermoegen_krankenversicherung_krankenzusatzversicherung_krankentagegeld.html.html,yes
huk-coburg,huk-coburg/gesundheit-vorsorge-vermoegen_krankenversicherung_krankenzusatzversicherung_stationaere-zusatzversicherung.html.html,yes
huk-coburg,huk-coburg/gesundheit-vorsorge-vermoegen_krankenversicherung_krankenzusatzversicherung_zahnzusatzversicherung.html.html,yes
huk-coburg,huk-coburg/gesundheit-vorsorge-vermoegen_krankenversicherung_krankenzusatzversicherung_zusatzversicherung-kinder.html.html,yes
huk-coburg,huk-coburg/gesundheit-vorsorge-vermoegen_krankenversicherung_private-krankenversicherung-beamte.html.html,yes
huk-coburg,huk-coburg/gesundheit-vorsorge-vermoegen_pflegeversicherung.html.html,yes
huk-coburg,huk-coburg/gesundheit-vorsorge-vermoegen_pflegeversicherung_pflege-assistance.html.html,yes
huk-coburg,huk-coburg/gesundheit-vorsorge-vermoegen_pflegeversicherung_pflegetagegeldversicherung.html.html,yes
huk-coburg,huk-coburg/gesundheit-vorsorge-vermoegen_pflegeversicherung_pflegezusatzversicherung.html.html,yes
huk-coburg,huk-coburg/gesundheit-vorsorge-vermoegen_ratgeber_geldanlage_geldanlage-in-krisenzeiten.html.html,no
huk-coburg,huk-coburg/gesundheit-vorsorge-vermoegen_ratgeber_krankenversicherung-tipps_wer-kann-sich-privat-versichern.html.html,no
huk-coburg,huk-coburg/gesundheit-vorsorge-vermoegen_unfallversicherung.html.html,yes
huk-coburg,huk-coburg/gesundheit-vorsorge-vermoegen_unfallversicherung_kinderunfallversicherung.html.html,yes
huk-coburg,huk-coburg/gesundheit-vorsorge-vermoegen_unfallversicherung_unfallversicherung-rentner.html.html,yes
huk-coburg,huk-coburg/haus-haftung-recht.html.html,yes
huk-coburg,huk-coburg/haus-haftung-recht_bauen.html.html,yes
huk-coburg,huk-coburg/haus-haftung-recht_haftpflichtversicherung.html.html,yes
huk-coburg,huk-coburg/haus-haftung-recht_haftpflichtversicherung_amts-und-vermoegensschadenhaftpflicht.html.html,yes
huk-coburg,huk-coburg/haus-haftung-recht_haftpflichtversicherung_bauherrenhaftpflicht.html.html,yes
huk-coburg,huk-coburg/haus-haftung-recht_haftpflichtversicherung_familienhaftpflichtversicherung.html.html,yes
huk-coburg,huk-coburg/haus-haftung-recht_haftpflichtversicherung_haus-und-grundbesitzerhaftpflicht.html.html,yes
huk-coburg,huk-coburg/haus-haftung-recht_haftpflichtversicherung_hundehaftpflicht.html.html,yes
huk-coburg,huk-coburg/haus-haftung-recht_haftpflichtversicherung_jagdhaftpflichtversicherung.html.html,yes
huk-coburg,huk-coburg/haus-haftung-recht_haftpflichtversicherung_pferdehaftpflicht.html.html,yes
huk-coburg,huk-coburg/haus-haftung-recht_haftpflichtversicherung_private-haftpflichtversicherung.html.html,yes
huk-coburg,huk-coburg/haus-haftung-recht_haftpflichtversicherung_tierhalterhaftpflichtversicherung.html.html,yes
huk-coburg,huk-coburg/haus-haftung-recht_haftpflichtversicherung_tierhalterhaftpflichtversicherung_tierkrankenversicherung.html.html,yes
huk-coburg,huk-coburg/haus-haftung-recht_haftpflichtversicherung_wassersportversicherung.html.html,yes
huk-coburg,huk-coburg/haus-haftung-recht_haus-wohnung.html.html,yes
huk-coburg,huk-coburg/haus-haftung-recht_haus-wohnung_baufinanzierung.html.html,yes
huk-coburg,huk-coburg/haus-haftung-recht_haus-wohnung_bauleistungsversicherung.html.html,yes
huk-coburg,huk-coburg/haus-haftung-recht_haus-wohnung_bausparen.html.html,yes
huk-coburg,huk-coburg/haus-haftung-recht_haus-wohnung_elementarschadenversicherung.html.html,yes
huk-coburg,huk-coburg/haus-haftung-recht_haus-wohnung_fahrradschutzbrief.html.html,yes
huk-coburg,huk-coburg/haus-haftung-recht_haus-wohnung_feuer-rohbauversicherung.html.html,yes
huk-coburg,huk-coburg/haus-haftung-recht_haus-wohnung_glasversicherung.html.html,yes
huk-coburg,huk-coburg/haus-haftung-recht_haus-wohnung_hausratversicherung.html.html,yes
huk-coburg,huk-coburg/haus-haftung-recht_haus-wohnung_wohn-riester.html.html,yes
huk-coburg,huk-coburg/haus-haftung-recht_haus-wohnung_wohngebaeudeversicherung.html.html,yes
huk-coburg,huk-coburg/haus-haftung-recht_ratgeber_haus-wohnung_nebenkostenabrechnung-rechtsschutz.html.html,no
huk-coburg,huk-coburg/haus-haftung-recht_ratgeber_rechtsschutz-arbeitsrecht.html.html,no
huk-coburg,huk-coburg/haus-haftung-recht_ratgeber_rechtsschutz-auch-im-urlaub.html.html,no
huk-coburg,huk-coburg/haus-haftung-recht_ratgeber_skifahren.html.html,no
huk-coburg,huk-coburg/haus-haftung-recht_ratgeber_welche-kosten-uebernimmt-die-rechtsschutzversicherung.html.html,no
huk-coburg,huk-coburg/haus-haftung-recht_rechtsschutzversicherung.html.html,yes
huk-coburg,huk-coburg/haus-haftung-recht_rechtsschutzversicherung_familienrechtsschutz.html.html,yes
huk-coburg,huk-coburg/haus-haftung-recht_rechtsschutzversicherung_privat-berufs-verkehrsrechtsschutz.html.html,yes
huk-coburg,huk-coburg/haus-haftung-recht_rechtsschutzversicherung_privatrechtsschutz.html.html,yes
huk-coburg,huk-coburg/haus-haftung-recht_rechtsschutzversicherung_verkehrsrechtsschutz.html.html,yes
huk-coburg,huk-coburg/haus-haftung-recht_sport-freizeit.html.html,yes
huk-coburg,huk-coburg/haus-haftung-recht_sport-freizeit_e-bike-versicherung.html.html,yes
huk-coburg,huk-coburg/haus-haftung-recht_sport-freizeit_fahrradversicherung.html.html,yes
huk-coburg,huk-coburg/haus-haftung-recht_tierversicherung.html.html,yes
huk-coburg,huk-coburg/haus-haftung-recht_tierversicherung_katzenversicherung.html.html,yes
huk-coburg,huk-coburg/home.html,no
huk-coburg,huk-coburg/impressum.html.html,no
huk-coburg,huk-coburg/karriere.html.html,no
huk-coburg,huk-coburg/oeffentlicher-dienst.html.html,no
huk-coburg,huk-coburg/presse.html.html,no
huk-coburg,huk-coburg/produkte-fuer-unternehmen.html.html,yes
huk-coburg,huk-coburg/service_ansprechpartner_suchergebnis.html.html,no
huk-coburg,huk-coburg/service_apps.html.html,no
huk-coburg,huk-coburg/service_erfahrungen.html.html,no
huk-coburg,huk-coburg/service_kontakt.html.html,no
huk-coburg,huk-coburg/service_kunden-werben-kunden.html.html,no
huk-coburg,huk-coburg/service_meine-huk.html.html,no
huk-coburg,huk-coburg/service_schaden.html.html,no
huk-coburg,huk-coburg/service_schaden_schadenpraevention-kfz.html.html,no
huk-coburg,huk-coburg/service_schaden_schadenpraevention.html.html,no
huk-coburg,huk-coburg/service_ukraine.html.html,no
huk-coburg,huk-coburg/ueber-uns.html.html,no
huk-coburg,huk-coburg/ueber-uns_nachhaltigkeit.html.html,no
huk-coburg,huk-coburg/versicherung-in-der-naehe.html.html,yes
huk-coburg,huk-coburg/versicherung-in-der-naehe_berlin.html.html,yes
huk-coburg,huk-coburg/versicherung-in-der-naehe_bochum.html.html,yes
huk-coburg,huk-coburg/versicherung-in-der-naehe_duesseldorf.html.html,yes
huk-coburg,huk-coburg/versicherung-in-der-naehe_hamburg.html.html,yes
huk-coburg,huk-coburg/versicherung-in-der-naehe_karlsruhe.html.html,yes
signal_iduna_group,signal_iduna_group/.html,no
signal_iduna_group,signal_iduna_group/berufsgruppen_angestellte.html,no
signal_iduna_group,signal_iduna_group/berufsgruppen_dienstleistungen.html,no
signal_iduna_group,signal_iduna_group/berufsgruppen_handel.html,no
signal_iduna_group,signal_iduna_group/berufsgruppen_handwerk.html,no
signal_iduna_group,signal_iduna_group/berufsgruppen_oeffentlicher-dienst.html,no
signal_iduna_group,signal_iduna_group/berufsgruppen_selbststaendige.html,no
signal_iduna_group,signal_iduna_group/content_dam_signal-iduna_produkte_kranken_zusatzversicherung_broschuere-ambulante-zusatz.pdf.coredownload.inline.pdf.html,yes
signal_iduna_group,signal_iduna_group/content_dam_signal-iduna_produkte_kranken_zusatzversicherung_broschuere-krankenhauszusatz.pdf.coredownload.inline.pdf.html,no
signal_iduna_group,signal_iduna_group/content_dam_signal-iduna_produkte_kranken_zusatzversicherung_broschuere-kv-zusatz-kinder.pdf.coredownload.inline.pdf.html,yes
signal_iduna_group,signal_iduna_group/datenschutz.html,no
signal_iduna_group,signal_iduna_group/home.html,no
signal_iduna_group,signal_iduna_group/impressum.html,no
signal_iduna_group,signal_iduna_group/landingpages_versicherungsschutz-ukraine.html,yes
signal_iduna_group,signal_iduna_group/lebenssituationen_berufliche-veraenderung.html,no
signal_iduna_group,signal_iduna_group/lebenssituationen_familiaere-veraenderung.html,no
signal_iduna_group,signal_iduna_group/lebenssituationen_umzug.html,no
signal_iduna_group,signal_iduna_group/produkte.html,yes
signal_iduna_group,signal_iduna_group/produkte_ambulante-zusatzversicherung.html,yes
signal_iduna_group,signal_iduna_group/produkte_ambulante-zusatzversicherung_angebot.html,yes
signal_iduna_group,signal_iduna_group/produkte_auslandskrankenversicherung.html,yes
signal_iduna_group,signal_iduna_group/produkte_autoversicherung.html,yes
signal_iduna_group,signal_iduna_group/produkte_bauherrenhaftpflicht.html,yes
signal_iduna_group,signal_iduna_group/produkte_bausparen-immobilienfinanzierung.html,yes
signal_iduna_group,signal_iduna_group/produkte_berufsunfaehigkeitsversicherung.html,yes
signal_iduna_group,signal_iduna_group/produkte_berufsunfaehigkeitsversicherung_angebot.html,yes
signal_iduna_group,signal_iduna_group/produkte_betriebliche-altersvorsorge.html,yes
signal_iduna_group,signal_iduna_group/produkte_diensthaftpflichtversicherung.html,yes
signal_iduna_group,signal_iduna_group/produkte_dienstunfaehigkeitsversicherung.html,yes
signal_iduna_group,signal_iduna_group/produkte_e-scooter-versicherung.html,yes
signal_iduna_group,signal_iduna_group/produkte_elementarversicherung.html,yes
signal_iduna_group,signal_iduna_group/produkte_existenzschutzversicherung.html,yes
signal_iduna_group,signal_iduna_group/produkte_fahrradversicherung.html,yes
signal_iduna_group,signal_iduna_group/produkte_geldanlage.html,yes
signal_iduna_group,signal_iduna_group/produkte_gewerbe_baeckeraufbaurente.html,yes
signal_iduna_group,signal_iduna_group/produkte_gewerbe_bav.html,yes
signal_iduna_group,signal_iduna_group/produkte_gewerbe_betriebliche-krankenversicherung.html,yes
signal_iduna_group,signal_iduna_group/produkte_gewerbe_betriebliche-unfallversicherung.html,yes
signal_iduna_group,signal_iduna_group/produkte_gewerbe_betriebshaftpflichtversicherung.html,yes
signal_iduna_group,signal_iduna_group/produkte_gewerbe_betriebsrentenversicherung.html,yes
signal_iduna_group,signal_iduna_group/produkte_gewerbe_betriebsschliessungsversicherung.html,yes
signal_iduna_group,signal_iduna_group/produkte_gewerbe_betriebsunterbrechungsversicherung.html,yes
signal_iduna_group,signal_iduna_group/produkte_gewerbe_cyber-versicherung.html,yes
signal_iduna_group,signal_iduna_group/produkte_gewerbe_direktversicherung.html,yes
signal_iduna_group,signal_iduna_group/produkte_gewerbe_drohnenversicherung.html,yes
signal_iduna_group,signal_iduna_group/produkte_gewerbe_elektronikversicherung.html,yes
signal_iduna_group,signal_iduna_group/produkte_gewerbe_firmenrechtsschutz.html,yes
signal_iduna_group,signal_iduna_group/produkte_gewerbe_flottenversicherung.html,yes
signal_iduna_group,signal_iduna_group/produkte_gewerbe_forderungsausfallversicherung.html,yes
signal_iduna_group,signal_iduna_group/produkte_gewerbe_gewerbliche-gebaeudeversicherung.html,yes
signal_iduna_group,signal_iduna_group/produkte_gewerbe_hogarenteplus.html,yes
signal_iduna_group,signal_iduna_group/produkte_gewerbe_inhaber-ausfallversicherung.html,yes
signal_iduna_group,signal_iduna_group/produkte_gewerbe_inhaltsversicherung.html,yes
signal_iduna_group,signal_iduna_group/produkte_gewerbe_kautionsversicherung.html,yes
signal_iduna_group,signal_iduna_group/produkte_gewerbe_maschinenversicherung.html,yes
signal_iduna_group,signal_iduna_group/produkte_gewerbe_pensionskasse.html,yes
signal_iduna_group,signal_iduna_group/produkte_gewerbe_pensionszusage.html,yes
signal_iduna_group,signal_iduna_group/produkte_gewerbe_transportversicherung.html,yes
signal_iduna_group,signal_iduna_group/produkte_gewerbe_unterstuetzungskasse.html,yes
signal_iduna_group,signal_iduna_group/produkte_gewerbe_vielgefahrenversicherung.html,yes
signal_iduna_group,signal_iduna_group/produkte_grundfaehigkeitsversicherung.html,yes
signal_iduna_group,signal_iduna_group/produkte_haus-und-grundbesitzerhaftpflicht.html,yes
signal_iduna_group,signal_iduna_group/produkte_hausratversicherung.html,yes
signal_iduna_group,signal_iduna_group/produkte_jagdhaftpflicht.html,yes
signal_iduna_group,signal_iduna_group/produkte_krankenhaustagegeldversicherung.html,yes
signal_iduna_group,signal_iduna_group/produkte_krankenhauszusatzversicherung.html,yes
signal_iduna_group,signal_iduna_group/produkte_krankenhauszusatzversicherung_angebot.html,yes
signal_iduna_group,signal_iduna_group/produkte_krankenhauszusatzversicherung_kind.html,yes
signal_iduna_group,signal_iduna_group/produkte_krankentagegeldversicherung.html,yes
signal_iduna_group,signal_iduna_group/produkte_krankentagegeldversicherung_angebot.html,yes
signal_iduna_group,signal_iduna_group/produkte_krankenzusatzversicherung.html,yes
signal_iduna_group,signal_iduna_group/produkte_kurtagegeldversicherung.html,yes
signal_iduna_group,signal_iduna_group/produkte_mopedversicherung.html,yes
signal_iduna_group,signal_iduna_group/produkte_motorradversicherung.html,yes
signal_iduna_group,signal_iduna_group/produkte_private-altersvorsorge.html,yes
signal_iduna_group,signal_iduna_group/produkte_private-krankenversicherung.html,yes
signal_iduna_group,signal_iduna_group/produkte_private-krankenversicherung_angebot.html,yes
signal_iduna_group,signal_iduna_group/produkte_private-krankenversicherung_angestellte.html,yes
signal_iduna_group,signal_iduna_group/produkte_private-krankenversicherung_anwartschaftsversicherung.html,yes
signal_iduna_group,signal_iduna_group/produkte_private-krankenversicherung_beamte.html,yes
signal_iduna_group,signal_iduna_group/produkte_private-krankenversicherung_beitragsentlastungstarif.html,yes
signal_iduna_group,signal_iduna_group/produkte_private-krankenversicherung_deutscher-ring_beihilfe.html,yes
signal_iduna_group,signal_iduna_group/produkte_private-krankenversicherung_deutscher-ring_vollversicherung.html,yes
signal_iduna_group,signal_iduna_group/produkte_private-krankenversicherung_selbststaendige.html,yes
signal_iduna_group,signal_iduna_group/produkte_private-krankenversicherung_studenten.html,yes
signal_iduna_group,signal_iduna_group/produkte_private-pflegeversicherung.html,yes
signal_iduna_group,signal_iduna_group/produkte_private-pflegeversicherung_pflege-bahr.html,yes
signal_iduna_group,signal_iduna_group/produkte_private-pflegeversicherung_pflegetagegeldversicherung.html,yes
signal_iduna_group,signal_iduna_group/produkte_privathaftpflicht.html,yes
signal_iduna_group,signal_iduna_group/produkte_privathaftpflicht_familien.html,yes
signal_iduna_group,signal_iduna_group/produkte_privatrechtsschutzversicherung.html,yes
signal_iduna_group,signal_iduna_group/produkte_reisegepaeckversicherung.html,yes
signal_iduna_group,signal_iduna_group/produkte_reiseruecktrittsversicherung.html,yes
signal_iduna_group,signal_iduna_group/produkte_reiseversicherung-komplettpakete.html,yes
signal_iduna_group,signal_iduna_group/produkte_risikolebensversicherung.html,yes
signal_iduna_group,signal_iduna_group/produkte_sterbegeldversicherung.html,yes
signal_iduna_group,signal_iduna_group/produkte_tierhalterhaftpflicht.html,yes
signal_iduna_group,signal_iduna_group/produkte_unfallversicherung.html,yes
signal_iduna_group,signal_iduna_group/produkte_unfallversicherung_kind.html,yes
signal_iduna_group,signal_iduna_group/produkte_verkehrsrechtsschutz.html,yes
signal_iduna_group,signal_iduna_group/produkte_wohngebaeudeversicherung.html,yes
signal_iduna_group,signal_iduna_group/produkte_wohnmobilversicherung.html,yes
signal_iduna_group,signal_iduna_group/produkte_zahnzusatzversicherung.html,yes
signal_iduna_group,signal_iduna_group/produkte_zahnzusatzversicherung_angebot.html,yes
signal_iduna_group,signal_iduna_group/produkte_zahnzusatzversicherung_kind.html,yes
signal_iduna_group,signal_iduna_group/produkte_zusatzversicherung-kinder.html,yes
signal_iduna_group,signal_iduna_group/produkte_zusatzversicherung-kinder_angebot.html,yes
signal_iduna_group,signal_iduna_group/ratgeber.html,no
signal_iduna_group,signal_iduna_group/ratgeber_alle-artikel.html,no
signal_iduna_group,signal_iduna_group/ratgeber_auslandskrankenversicherung-auslandskrankenversicherung-steuer.html,no
signal_iduna_group,signal_iduna_group/ratgeber_autoversicherung-was-tun-bei-einem-wildunfall.html,no
signal_iduna_group,signal_iduna_group/ratgeber_fahrradversicherung-fahrradfreundlichste-staedte-der-welt.html,no
signal_iduna_group,signal_iduna_group/ratgeber_gesundheitsfragen-in-der-pkv---signal-iduna--.html,no
signal_iduna_group,signal_iduna_group/ratgeber_hausratversicherung-sinnvoll.html,no
signal_iduna_group,signal_iduna_group/ratgeber_interview-joy-of-missing-out.html,no
signal_iduna_group,signal_iduna_group/ratgeber_private-krankenversicherung-arbeitgeberanteil.html,no
signal_iduna_group,signal_iduna_group/ratgeber_private-krankenversicherung-beitragsanpassung.html,no
signal_iduna_group,signal_iduna_group/ratgeber_private-krankenversicherung-beitragsbemessungsgrenze.html,no
signal_iduna_group,signal_iduna_group/ratgeber_private-krankenversicherung-buergerentlastungsgesetz.html,no
signal_iduna_group,signal_iduna_group/ratgeber_private-krankenversicherung-einkommensgrenze.html,no
signal_iduna_group,signal_iduna_group/ratgeber_private-krankenversicherung-im-alter-unbezahlbar.html,no
signal_iduna_group,signal_iduna_group/ratgeber_private-krankenversicherung-kinder-privat-versichern.html,no
signal_iduna_group,signal_iduna_group/ratgeber_private-krankenversicherung-kosten.html,no
signal_iduna_group,signal_iduna_group/ratgeber_private-krankenversicherung-lohnt-sich-wechsel.html,no
signal_iduna_group,signal_iduna_group/ratgeber_private-krankenversicherung-mythen.html,no
signal_iduna_group,signal_iduna_group/ratgeber_private-krankenversicherung-telemedizin.html,no
signal_iduna_group,signal_iduna_group/ratgeber_private-krankenversicherung-vorerkrankungen.html,no
signal_iduna_group,signal_iduna_group/ratgeber_privathaftpflicht-steuererklaerung.html,no
signal_iduna_group,signal_iduna_group/ratgeber_solar-balkonkraftwerk.html,no
signal_iduna_group,signal_iduna_group/ratgeber_tipps-alleinreisende-frauen.html,no
signal_iduna_group,signal_iduna_group/ratgeber_versicherungen-arbeiten-im-ausland.html,no
signal_iduna_group,signal_iduna_group/ratgeber_weihnachtszeit-tipps.html,no
signal_iduna_group,signal_iduna_group/ratgeber_welche-versicherungen-braucht-man.html,no
signal_iduna_group,signal_iduna_group/ratgeber_welche-versicherungen-kann-ich-von-der-steuer-absetzen.html,no
signal_iduna_group,signal_iduna_group/ratgeber_zahnzusatzversicherung-leistungen.html,no
signal_iduna_group,signal_iduna_group/ratgeber_zahnzusatzversicherung-ohne-gesundheitsfragen.html,no
signal_iduna_group,signal_iduna_group/ratgeber_zahnzusatzversicherung-ohne-wartezeit.html,no
signal_iduna_group,signal_iduna_group/ratgeber_zahnzusatzversicherung-professionelle-zahnreinigung.html,no
signal_iduna_group,signal_iduna_group/ratgeber_zahnzusatzversicherung-sinnvoll.html,no
signal_iduna_group,signal_iduna_group/ratgeber_zahnzusatzversicherung-steuererklaerung.html,no
signal_iduna_group,signal_iduna_group/ratgeber_zahnzusatzversicherung-weisse-zaehne.html,no
signal_iduna_group,signal_iduna_group/ratgeber_zahnzusatzversicherung-zahneputzen-bei-babys.html,no
signal_iduna_group,signal_iduna_group/ratgeber_zahnzusatzversicherung-zahnfuellung.html,no
signal_iduna_group,signal_iduna_group/ratgeber_zahnzusatzversicherung-zahnprothesen-und-implante.html,yes
signal_iduna_group,signal_iduna_group/ratgeber_zahnzusatzversicherung-zahnspange-kostenuebernahme.html,no
signal_iduna_group,signal_iduna_group/ratgeber_zahnzusatzversicherung-zahnstaffel.html,no
signal_iduna_group,signal_iduna_group/rechner_ambulant.html,yes
signal_iduna_group,signal_iduna_group/rechner_zahn.html,yes
signal_iduna_group,signal_iduna_group/service_bav-net.html,yes
signal_iduna_group,signal_iduna_group/service_bescheinigungen-anfordern.html,no
signal_iduna_group,signal_iduna_group/service_beschwerde-einreichen.html,no
signal_iduna_group,signal_iduna_group/service_daten-aendern.html,no
signal_iduna_group,signal_iduna_group/service_digitale-services.html,no
signal_iduna_group,signal_iduna_group/service_formulare-downloads.html,no
signal_iduna_group,signal_iduna_group/service_gesundheitswelt.html,no
signal_iduna_group,signal_iduna_group/service_hotlines.html,no
signal_iduna_group,signal_iduna_group/service_kontakt.html,no
signal_iduna_group,signal_iduna_group/service_kontaktformular.html,no
signal_iduna_group,signal_iduna_group/service_kuendigungsinformationen.html,no
signal_iduna_group,signal_iduna_group/service_meine-signal-iduna-app.html,yes
signal_iduna_group,signal_iduna_group/service_meine-signal-iduna.html,yes
signal_iduna_group,signal_iduna_group/service_rechnungen-einreichen.html,no
signal_iduna_group,signal_iduna_group/service_schaden-melden.html,no
signal_iduna_group,signal_iduna_group/service_todesfall-melden.html,no
signal_iduna_group,signal_iduna_group/service_weitere-services.html,no
signal_iduna_group,signal_iduna_group/unternehmen.html,no
signal_iduna_group,signal_iduna_group/unternehmen_borussia-dortmund.html,no
signal_iduna_group,signal_iduna_group/unternehmen_compliance.html,no
signal_iduna_group,signal_iduna_group/unternehmen_datenschutz.html,no
signal_iduna_group,signal_iduna_group/unternehmen_menschenrechte-lksg-erklaerung.html,no
signal_iduna_group,signal_iduna_group/unternehmen_nachhaltigkeit.html,no
